{
	"version": 1,
	"changelists": [
		{
			"guid": "00000000000000000000000000000000",
			"description": "Default Uncontrolled Changelist",
			"files": [
				"C:/Users/b012129m/Downloads/Marble Game 14-02/Marble Project Presentation Ready/Marble Project Presentation Ready/Marble Project/MyProject - Copy/Content/Project/UI/Menu/WBP_StageMenu.uasset",
				"C:/Users/b012129m/Downloads/Marble Game 14-02/Marble Project Presentation Ready/Marble Project Presentation Ready/Marble Project/MyProject - Copy/Content/Project/UI/Menu/WBP_MainMenu.uasset",
				"C:/Users/b012129m/Downloads/Marble Game 14-02/Marble Project Presentation Ready/Marble Project Presentation Ready/Marble Project/MyProject - Copy/Content/Project/Blueprints/BP_BallCharacter.uasset",
				"C:/Users/b012129m/Downloads/Marble Game 14-02/Marble Project Presentation Ready/Marble Project Presentation Ready/Marble Project/MyProject - Copy/Content/Project/Blueprints/BP_EndLevel.uasset",
				"C:/Users/b012129m/Downloads/Marble Game 14-02/Marble Project Presentation Ready/Marble Project Presentation Ready/Marble Project/MyProject - Copy/Content/Project/UI/WBP_Timer.uasset",
				"C:/Users/b012129m/Downloads/Marble Game 14-02/Marble Project Presentation Ready/Marble Project Presentation Ready/Marble Project/MyProject - Copy/Content/Project/UI/WBP_PlayerHud.uasset",
				"C:/Users/b012129m/Downloads/Marble Game 14-02/Marble Project Presentation Ready/Marble Project Presentation Ready/Marble Project/MyProject - Copy/Content/Project/Levels/DemoLevel.umap",
				"C:/Users/b012129m/Downloads/Marble Game 14-02/Marble Project Presentation Ready/Marble Project Presentation Ready/Marble Project/MyProject - Copy/Content/Project/Levels/Stage_1(Wind)/Level_Wind1.umap",
				"C:/Users/b012129m/Downloads/Marble Game 14-02/Marble Project Presentation Ready/Marble Project Presentation Ready/Marble Project/MyProject - Copy/Content/Project/Levels/MainMenu.umap",
				"C:/Users/b012129m/Downloads/Marble Game 14-02/Marble Project Presentation Ready/Marble Project Presentation Ready/Marble Project/MyProject - Copy/Content/Project/Blueprints/LevelChanger.uasset",
				"C:/Users/b012129m/Downloads/Marble Game 14-02/Marble Project Presentation Ready/Marble Project Presentation Ready/Marble Project/MyProject - Copy/Content/Project/Levels/Stage_1(Wind)/Level_Wind2.umap",
				"C:/Users/b012129m/Downloads/Marble Game 14-02/Marble Project Presentation Ready/Marble Project Presentation Ready/Marble Project/MyProject - Copy/Content/Project/Levels/Stage_1(Wind)/Level_Wind3.umap",
				"C:/Users/b012129m/Downloads/Marble Game 14-02/Marble Project Presentation Ready/Marble Project Presentation Ready/Marble Project/MyProject - Copy/Content/Project/Levels/Stage_1(Wind)/_GENERATED/b012129m/Boolean_143C4706.uasset",
				"C:/Users/b012129m/Downloads/Marble Game 14-02/Marble Project Presentation Ready/Marble Project Presentation Ready/Marble Project/MyProject - Copy/Content/Project/Levels/Stage_1(Wind)/_GENERATED/b012129m/Boolean_1DF4DDEE.uasset",
				"C:/Users/b012129m/Downloads/Marble Game 14-02/Marble Project Presentation Ready/Marble Project Presentation Ready/Marble Project/MyProject - Copy/Content/Project/Levels/Stage_1(Wind)/_GENERATED/b012129m/Boolean_22984D08.uasset",
				"C:/Users/b012129m/Downloads/Marble Game 14-02/Marble Project Presentation Ready/Marble Project Presentation Ready/Marble Project/MyProject - Copy/Content/Project/Levels/Stage_1(Wind)/_GENERATED/b012129m/Boolean_22FC2EA6.uasset",
				"C:/Users/b012129m/Downloads/Marble Game 14-02/Marble Project Presentation Ready/Marble Project Presentation Ready/Marble Project/MyProject - Copy/Content/Project/Levels/Stage_1(Wind)/_GENERATED/b012129m/Boolean_3C25C7C5.uasset",
				"C:/Users/b012129m/Downloads/Marble Game 14-02/Marble Project Presentation Ready/Marble Project Presentation Ready/Marble Project/MyProject - Copy/Content/Project/Levels/Stage_1(Wind)/_GENERATED/b012129m/Boolean_5E8FAD52.uasset",
				"C:/Users/b012129m/Downloads/Marble Game 14-02/Marble Project Presentation Ready/Marble Project Presentation Ready/Marble Project/MyProject - Copy/Content/Project/Levels/Stage_1(Wind)/_GENERATED/b012129m/Boolean_7EF5C20F.uasset",
				"C:/Users/b012129m/Downloads/Marble Game 14-02/Marble Project Presentation Ready/Marble Project Presentation Ready/Marble Project/MyProject - Copy/Content/Project/Levels/Stage_1(Wind)/_GENERATED/b012129m/Boolean_942C70A5.uasset",
				"C:/Users/b012129m/Downloads/Marble Game 14-02/Marble Project Presentation Ready/Marble Project Presentation Ready/Marble Project/MyProject - Copy/Content/Project/Levels/Stage_1(Wind)/_GENERATED/b012129m/Boolean_C087997C.uasset",
				"C:/Users/b012129m/Downloads/Marble Game 14-02/Marble Project Presentation Ready/Marble Project Presentation Ready/Marble Project/MyProject - Copy/Content/Project/Levels/Stage_1(Wind)/_GENERATED/b012129m/Boolean_C51C6608.uasset",
				"C:/Users/b012129m/Downloads/Marble Game 14-02/Marble Project Presentation Ready/Marble Project Presentation Ready/Marble Project/MyProject - Copy/Content/Project/Levels/Stage_1(Wind)/_GENERATED/b012129m/Boolean_E482E160.uasset",
				"C:/Users/b012129m/Downloads/Marble Game 14-02/Marble Project Presentation Ready/Marble Project Presentation Ready/Marble Project/MyProject - Copy/Content/Project/Levels/Stage_1(Wind)/_GENERATED/b012129m/Boolean_EA985696.uasset",
				"C:/Users/b012129m/Downloads/Marble Game 14-02/Marble Project Presentation Ready/Marble Project Presentation Ready/Marble Project/MyProject - Copy/Content/Project/Levels/Stage_1(Wind)/_GENERATED/b012129m/Boolean_EBAA88F7.uasset",
				"C:/Users/b012129m/Downloads/Marble Game 14-02/Marble Project Presentation Ready/Marble Project Presentation Ready/Marble Project/MyProject - Copy/Content/Project/Levels/Stage_1(Wind)/_GENERATED/b012129m/Boolean_ECCB9F42.uasset",
				"C:/Users/b012129m/Downloads/Marble Game 14-02/Marble Project Presentation Ready/Marble Project Presentation Ready/Marble Project/MyProject - Copy/Content/Project/Levels/Stage_1(Wind)/_GENERATED/b012129m/Boolean_FDB375F0.uasset",
				"C:/Users/b012129m/Downloads/Marble Game 14-02/Marble Project Presentation Ready/Marble Project Presentation Ready/Marble Project/MyProject - Copy/Content/Project/UI/Green_Wavy_Checkerboard_Optical_Check.uasset",
				"C:/Users/b012129m/Downloads/Marble Game 14-02/Marble Project Presentation Ready/Marble Project Presentation Ready/Marble Project/MyProject - Copy/Content/Project/UI/WBP_Waypoint.uasset",
				"C:/Users/b012129m.STUDENT/Downloads/Marble Game 14-02/Marble Project Presentation Ready/Marble Project Presentation Ready/Marble Project/MyProject - Copy/Content/Project/UI/Menu/WBP_StageMenu.uasset",
				"C:/Users/b012129m.STUDENT/Downloads/Marble Game 14-02/Marble Project Presentation Ready/Marble Project Presentation Ready/Marble Project/MyProject - Copy/Content/Project/Levels/Stage_1(Wind)/Level_Wind1.umap",
				"C:/Users/b012129m.STUDENT/Downloads/Marble Game 14-02/Marble Project Presentation Ready/Marble Project Presentation Ready/Marble Project/MyProject - Copy/Content/Project/Levels/Stage_1(Wind)/Level_Wind2.umap",
				"C:/Users/b012129m.STUDENT/Downloads/Marble Game 14-02/Marble Project Presentation Ready/Marble Project Presentation Ready/Marble Project/MyProject - Copy/Content/Project/Levels/Stage_1(Wind)/Level_Wind3.umap",
				"C:/Users/b012129m.STUDENT/Downloads/Marble Game 14-02/Marble Project Presentation Ready/Marble Project Presentation Ready/Marble Project/MyProject - Copy/Content/Project/UI/Menu/WBP_MainMenu.uasset",
				"C:/Users/b012129m.STUDENT/Desktop/Marble Game 14-02/Marble Project Presentation Ready/Marble Project Presentation Ready/Marble Project/MyProject - Copy/Content/Project/UI/WBP_CoinCounter.uasset",
				"C:/Users/b012129m.STUDENT/Desktop/Marble Game 14-02/Marble Project Presentation Ready/Marble Project Presentation Ready/Marble Project/MyProject - Copy/Content/Project/UI/WBP_Timer.uasset",
				"C:/Users/b012129m.STUDENT/Desktop/Marble Game 14-02/Marble Project Presentation Ready/Marble Project Presentation Ready/Marble Project/MyProject - Copy/Content/Project/Blueprints/BP_BallCharacter.uasset",
				"C:/Users/b012129m.STUDENT/Desktop/Marble Game 14-02/Marble Project Presentation Ready/Marble Project Presentation Ready/Marble Project/MyProject - Copy/Content/Project/UI/WBP_PlayerHud.uasset",
				"C:/Users/b012129m.STUDENT/Desktop/Marble Game 14-02/Marble Project Presentation Ready/Marble Project Presentation Ready/Marble Project/MyProject - Copy/Content/Project/Blueprints/BP_Pickup.uasset",
				"C:/Users/b012129m.STUDENT/Desktop/Marble Game 14-02/Marble Project Presentation Ready/Marble Project Presentation Ready/Marble Project/MyProject - Copy/Content/Project/Levels/DemoLevel.umap",
				"C:/Users/b012129m.STUDENT/Desktop/Marble Game 14-02/Marble Project Presentation Ready/Marble Project Presentation Ready/Marble Project/MyProject - Copy/Content/Project/Blueprints/BP_Coins.uasset",
				"C:/Users/b012129m/Downloads/Marble Project Presentation Ready/Marble Project/MyProject - Copy/Content/Project/Blueprints/BP_BallCharacter.uasset",
				"C:/Users/b012129m/Downloads/Marble Project Presentation Ready/Marble Project/MyProject - Copy/Content/Project/Levels/DemoLevel.umap",
				"C:/Users/b012129m/Downloads/Marble Project Presentation Ready/Marble Project/MyProject - Copy/Content/Project/Blueprints/BP_Test.uasset",
				"C:/Users/b012129m/Downloads/Marble Project Presentation Ready/Marble Project/MyProject - Copy/Content/Project/UI/WBP_Timer.uasset",
				"C:/Users/b012129m/Downloads/Marble Project Presentation Ready/Marble Project/MyProject - Copy/Content/Project/UI/WBP_Waypoint.uasset",
				"C:/Users/b012129m/Downloads/Marble Project Presentation Ready/Marble Project/MyProject - Copy/Content/Project/UI/WBP_PlayerHud.uasset",
				"C:/Users/b012129m/Downloads/Marble Project Presentation Ready/Marble Project/MyProject - Copy/Content/Project/UI/WBP_WinScreen.uasset",
				"C:/Users/b012129m/Downloads/Marble Project Presentation Ready/Marble Project/MyProject - Copy/Content/Project/Blueprints/UI/WBP_WinScreen.uasset",
				"C:/Users/b012129m/Downloads/Marble Project Presentation Ready/Marble Project/MyProject - Copy/Content/Project/Blueprints/UI/WBP_PlayerHud.uasset",
				"C:/Users/b012129m/Downloads/Marble Project Presentation Ready/Marble Project/MyProject - Copy/Content/Project/Blueprints/UI/WBP_Waypoint.uasset",
				"C:/Users/b012129m/Downloads/Marble Project Presentation Ready/Marble Project/MyProject - Copy/Content/Project/Blueprints/UI/WBP_Timer.uasset",
				"C:/Users/b012129m/Downloads/Marble Project Presentation Ready/Marble Project/MyProject - Copy/Content/Project/Blueprints/BP_Spinner.uasset",
				"C:/Users/b012129m/Downloads/Marble Project Presentation Ready/Marble Project/MyProject - Copy/Content/Project/UI/WBP_CoinCounter.uasset",
				"C:/Users/b012129m/Downloads/Marble Project Presentation Ready/Marble Project/MyProject - Copy/Content/Project/Blueprints/BPI_Pickup.uasset",
				"C:/Users/b012129m/Downloads/Marble Project Presentation Ready/Marble Project/MyProject - Copy/Content/Project/Blueprints/BP_Coins.uasset",
				"C:/Users/b012129m/Downloads/Marble Project Presentation Ready/Marble Project/MyProject - Copy/Content/Project/Blueprints/BP_Pickup.uasset",
				"C:/Users/b012129m/Downloads/Marble Project Presentation Ready/Marble Project/MyProject - Copy/Content/Project/Blueprints/BP_SpeedPad.uasset",
				"C:/Users/b012129m/Downloads/Marble Project Presentation Ready/Marble Project/MyProject - Copy/Content/Project/Blueprints/BP_Booster.uasset",
				"C:/Users/b012129m/Downloads/Marble Project Presentation Ready/Marble Project/MyProject - Copy/Content/NewBlueprint.uasset",
				"C:/Users/shaun/Downloads/Marble Project Presentation Ready/Marble Project/MyProject - Copy/Content/Project/Blueprints/BP_Test.uasset",
				"C:/Users/shaun/Downloads/Marble Project Presentation Ready/Marble Project/MyProject - Copy/Content/Project/Blueprints/BP_Test2.uasset",
				"C:/Users/shaun/Downloads/Marble Project Presentation Ready/Marble Project/MyProject - Copy/Content/Project/Blueprints/Test3.uasset",
				"C:/Users/shaun/Downloads/Marble Project Presentation Ready/Marble Project/MyProject - Copy/Content/Project/Levels/DemoLevel.umap",
				"C:/Users/shaun/Downloads/Marble Project Presentation Ready/Marble Project/MyProject - Copy/Content/Project/Levels/GameDemo.umap",
				"C:/Users/shaun/Downloads/Marble Project Presentation Ready/Marble Project/MyProject - Copy/Content/Project/Texture/NewMaterial.uasset",
				"C:/Users/shaun/Downloads/Marble Project Presentation Ready/Marble Project/MyProject - Copy/Content/Project/Texture/Forest_Green_Checkers.uasset",
				"C:/Users/shaun/Downloads/Marble Project Presentation Ready/Marble Project/MyProject - Copy/Content/Project/Blueprints/BP_BallCharacter.uasset",
				"C:/Users/shaun/Downloads/Marble Project Presentation Ready/Marble Project/MyProject - Copy/Content/NewBlueprint.uasset",
				"C:/Users/shaun/Downloads/Marble Project Presentation Ready/Marble Project/MyProject - Copy/Content/StarterContent/Maps/Advanced_Lighting_BuiltData.uasset",
				"C:/Users/shaun/Downloads/Marble Project Presentation Ready/Marble Project/MyProject - Copy/Content/StarterContent/Maps/Advanced_Lighting.umap",
				"C:/Users/shaun/Downloads/Marble Project Presentation Ready/Marble Project/MyProject - Copy/Content/GameDemo.umap",
				"C:/Users/shaun/Downloads/Marble Project Presentation Ready/Marble Project/MyProject - Copy/Content/NewWorld.umap",
				"C:/Users/b012129m/Downloads/Marble Project/MyProject/Content/Blueprints/BP_Reseter.uasset",
				"C:/Users/b012129m/Downloads/Marble Project/MyProject/Content/Blueprints/BP_BallCharacter.uasset",
				"C:/Users/b012129m/Downloads/Marble Project/MyProject/Content/DemoLevel.umap",
				"C:/Users/b012129m/Downloads/Marble Project/MyProject/Content/Blueprints/UI/WBP_Waypoint.uasset",
				"C:/Users/b012129m/Downloads/Marble Project/MyProject/Content/Arrow.uasset",
				"C:/Users/b012129m/Downloads/Marble Project/MyProject/Content/Texture/Arrow.uasset",
				"C:/Users/b012129m/Downloads/Marble Project/MyProject/Content/Levels/DemoLevel.umap",
				"C:/Users/b012129m/Downloads/Marble Project/MyProject/Content/Project/Controller/Inputs/IA_Jump.uasset",
				"C:/Users/b012129m/Downloads/Marble Project/MyProject/Content/Project/Controller/Inputs/IA_Look.uasset",
				"C:/Users/b012129m/Downloads/Marble Project/MyProject/Content/Project/Controller/Inputs/IA_MoveForward.uasset",
				"C:/Users/b012129m/Downloads/Marble Project/MyProject/Content/Project/Controller/Inputs/IA_MoveSides.uasset",
				"C:/Users/b012129m/Downloads/Marble Project/MyProject/Content/Project/Controller/IMC_BallPlayer.uasset",
				"C:/Users/b012129m/Downloads/Marble Project/MyProject/Content/Project/Controller/BP_BallController.uasset",
				"C:/Users/b012129m/Downloads/Marble Project/MyProject/Content/Project/Controller/BP_LoseYourMarbles.uasset",
				"C:/Users/b012129m/Downloads/Marble Project/MyProject/Content/Controller/BP_LoseYourMarbles.uasset",
				"C:/Users/b012129m/Downloads/Marble Project/MyProject/Content/Controller/BP_BallController.uasset",
				"C:/Users/b012129m/Downloads/Marble Project/MyProject/Content/Controller/IMC_BallPlayer.uasset",
				"C:/Users/b012129m/Downloads/Marble Project/MyProject/Content/Controller/Inputs/IA_MoveSides.uasset",
				"C:/Users/b012129m/Downloads/Marble Project/MyProject/Content/Controller/Inputs/IA_MoveForward.uasset",
				"C:/Users/b012129m/Downloads/Marble Project/MyProject/Content/Controller/Inputs/IA_Look.uasset",
				"C:/Users/b012129m/Downloads/Marble Project/MyProject/Content/Controller/Inputs/IA_Jump.uasset",
				"C:/Users/b012129m/Downloads/Marble Project/MyProject/Content/Project/Blueprints/BP_EndLevel.uasset",
				"C:/Users/b012129m/Downloads/Marble Project/MyProject/Content/Blueprints/BP_EndLevel.uasset",
				"C:/Users/b012129m/Downloads/Marble Project/MyProject/Content/Project/Blueprints/BP_BallCharacter.uasset",
				"C:/Users/b012129m/Downloads/Marble Project/MyProject/Content/Project/Blueprints/UI/WBP_Timer.uasset",
				"C:/Users/b012129m/Downloads/Marble Project/MyProject/Content/Project/Blueprints/UI/WBP_PlayerHud.uasset",
				"C:/Users/b012129m/Downloads/Marble Project/MyProject/Content/Project/Blueprints/UI/WBP_WinScreen.uasset",
				"C:/Users/b012129m/Downloads/Marble Project/MyProject/Content/Project/Blueprints/BP_Reseter.uasset",
				"C:/Users/b012129m/Downloads/Marble Project/MyProject/Content/Project/Blueprints/UI/WBP_Waypoint.uasset",
				"C:/Users/b012129m/Downloads/Marble Project/MyProject/Content/Blueprints/UI/WBP_WinScreen.uasset",
				"C:/Users/b012129m/Downloads/Marble Project/MyProject/Content/Blueprints/UI/WBP_PlayerHud.uasset",
				"C:/Users/b012129m/Downloads/Marble Project/MyProject/Content/Blueprints/UI/WBP_Timer.uasset",
				"C:/Users/b012129m/Downloads/Marble Project/MyProject/Content/Project/Levels/DemoLevel.umap",
				"C:/Users/b012129m/Downloads/Marble Project/MyProject/Content/Project/Texture/Arrow.uasset",
				"C:/Users/b012129m/Downloads/Marble Project/MyProject/Content/Project/Blueprints/BP_Marker.uasset",
				"C:/Users/b012129m/Downloads/Marble Project/MyProject/Content/StarterContent/Materials/M_Metal_Gold.uasset",
				"C:/Users/b012129m/Documents/Unreal Projects/MyProject/Content/StarterContent/HDRI/HDRI_Epic_Courtyard_Daylight.uasset",
				"C:/Users/b012129m/Documents/Unreal Projects/MyProject/Content/BP_BallCharacter.uasset",
				"C:/Users/b012129m/Documents/Unreal Projects/MyProject/Content/Testing_HLOD0_Instancing.uasset",
				"C:/Users/b012129m/Documents/Unreal Projects/MyProject/Content/__ExternalActors__/Testing/3/F4/3L3HN54EBJRUXCFMDKZMC3.uasset",
				"C:/Users/b012129m/Documents/Unreal Projects/MyProject/Content/__ExternalObjects__/Testing/A/0G/2JX5MZLYY9GN29JD8KFRLL.uasset",
				"C:/Users/b012129m/Documents/Unreal Projects/MyProject/Content/__ExternalObjects__/Testing/8/SQ/86WWGHHB2A95XD3F2QGTAL.uasset",
				"C:/Users/b012129m/Documents/Unreal Projects/MyProject/Content/__ExternalObjects__/Testing/7/PR/TKUSDQX94QXCEI2WP67292.uasset",
				"C:/Users/b012129m/Documents/Unreal Projects/MyProject/Content/__ExternalObjects__/Testing/9/ZL/2DWI0VBIQVEME9C1C75L5B.uasset",
				"C:/Users/b012129m/Documents/Unreal Projects/MyProject/Content/__ExternalObjects__/Testing/9/UJ/NB1KXXU8LX1U415UL34S18.uasset",
				"C:/Users/b012129m/Documents/Unreal Projects/MyProject/Content/__ExternalActors__/Testing/4/2H/UEOZ5XHFHC0NQ0E7ZOV5GN.uasset",
				"C:/Users/b012129m/Documents/Unreal Projects/MyProject/Content/__ExternalActors__/Testing/1/JL/OCXHJ5253APR7M4K6K5FYM.uasset",
				"C:/Users/b012129m/Documents/Unreal Projects/MyProject/Content/__ExternalActors__/Testing/4/HS/OEYL0O74WVLMKM7GW1FJ93.uasset",
				"C:/Users/b012129m/Documents/Unreal Projects/MyProject/Content/__ExternalActors__/Testing/6/G6/W19DO6PI0HG5HBIB12W63M.uasset",
				"C:/Users/b012129m/Documents/Unreal Projects/MyProject/Content/__ExternalActors__/Testing/C/4S/LKYMPOQ966YB6SH2ZZ5CNA.uasset",
				"C:/Users/b012129m/Documents/Unreal Projects/MyProject/Content/__ExternalActors__/Testing/7/DH/FS67HMXA2JC9CDPA2R4BXW.uasset",
				"C:/Users/b012129m/Documents/Unreal Projects/MyProject/Content/__ExternalActors__/Testing/8/PH/5MR1IAF2ZKSP5ZDJ60YHA5.uasset",
				"C:/Users/b012129m/Documents/Unreal Projects/MyProject/Content/__ExternalActors__/Testing/7/46/KGW1J4YFXFGOKFXXOHKQZL.uasset",
				"C:/Users/b012129m/Documents/Unreal Projects/MyProject/Content/__ExternalActors__/Testing/2/G6/CAFCM0ZFH1VFDR6T1YSMLE.uasset",
				"C:/Users/b012129m/Documents/Unreal Projects/MyProject/Content/__ExternalActors__/Testing/C/J7/9C6VAFLVNMVF4U86HYMHVN.uasset",
				"C:/Users/b012129m/Documents/Unreal Projects/MyProject/Content/__ExternalActors__/Testing/C/I0/J1GZALBFPW64BJ394WVP0P.uasset",
				"C:/Users/b012129m/Documents/Unreal Projects/MyProject/Content/__ExternalActors__/Testing/A/I7/TBIJC5X0175U6E94WZEURP.uasset",
				"C:/Users/b012129m/Documents/Unreal Projects/MyProject/Content/__ExternalActors__/Testing/3/6I/J5AVJFJBLYQFS1PMCW7PTF.uasset",
				"C:/Users/b012129m/Documents/Unreal Projects/MyProject/Content/__ExternalActors__/Testing/5/SG/H0YJJ281H4DD2FBZ50LJ2V.uasset",
				"C:/Users/b012129m/Documents/Unreal Projects/MyProject/Content/__ExternalActors__/Testing/6/JR/6127XAXGM2U159HFNRJ1DL.uasset",
				"C:/Users/b012129m/Documents/Unreal Projects/MyProject/Content/__ExternalActors__/Testing/6/V8/SMIMHC9Y10KN8DYDSI6F04.uasset",
				"C:/Users/b012129m/Documents/Unreal Projects/MyProject/Content/__ExternalActors__/Testing/0/FZ/XBG0ENYK554GXTUMXDXNWI.uasset",
				"C:/Users/b012129m/Documents/Unreal Projects/MyProject/Content/__ExternalActors__/Testing/B/Y9/F1VXPC4O38RLGSBKUKO7V8.uasset",
				"C:/Users/b012129m/Documents/Unreal Projects/MyProject/Content/__ExternalActors__/Testing/2/R8/CPA8YDJIZOFRET4KWXZNZT.uasset",
				"C:/Users/b012129m/Documents/Unreal Projects/MyProject/Content/__ExternalActors__/Testing/D/DA/UPF0EOXZP97JWF1ZABXB55.uasset",
				"C:/Users/b012129m/Documents/Unreal Projects/MyProject/Content/__ExternalActors__/Testing/6/WT/EGI3NQPA5TQTIM4ITKCYO4.uasset",
				"C:/Users/b012129m/Documents/Unreal Projects/MyProject/Content/__ExternalActors__/Testing/7/IL/1PWC3TZRNAS03PPYV4J65I.uasset",
				"C:/Users/b012129m/Documents/Unreal Projects/MyProject/Content/__ExternalActors__/Testing/A/RB/9D0IJAACB8356CJ30TVS16.uasset",
				"C:/Users/b012129m/Documents/Unreal Projects/MyProject/Content/__ExternalActors__/Testing/B/SQ/TBCDYIMFGV11JZMQU0MCOY.uasset",
				"C:/Users/b012129m/Documents/Unreal Projects/MyProject/Content/__ExternalActors__/Testing/7/Z8/YXLMV36KSNJBOB2S2UP5G3.uasset",
				"C:/Users/b012129m/Documents/Unreal Projects/MyProject/Content/__ExternalActors__/Testing/8/YO/KM8O5MMWAS0FS7SMD7T3Q5.uasset",
				"C:/Users/b012129m/Documents/Unreal Projects/MyProject/Content/__ExternalActors__/Testing/9/ZZ/1I8P81U38OIWF735CC3WDX.uasset",
				"C:/Users/b012129m/Documents/Unreal Projects/MyProject/Content/__ExternalActors__/Testing/7/A5/ESGW8PW147ZYAY9T8WK1IK.uasset",
				"C:/Users/b012129m/Documents/Unreal Projects/MyProject/Content/__ExternalActors__/Testing/2/2K/33SR3MSI93KH67K31ETDKE.uasset",
				"C:/Users/b012129m/Documents/Unreal Projects/MyProject/Content/__ExternalActors__/Testing/7/SQ/8UNUOQZZFLVUYYY1OAV8P7.uasset",
				"C:/Users/b012129m/Documents/Unreal Projects/MyProject/Content/__ExternalActors__/Testing/0/DP/1KHIVD6BU1LPBCVVRNSG1Y.uasset",
				"C:/Users/b012129m/Documents/Unreal Projects/MyProject/Content/__ExternalActors__/Testing/7/BA/18RLCJEDYGIQA136XCS722.uasset",
				"C:/Users/b012129m/Documents/Unreal Projects/MyProject/Content/__ExternalActors__/Testing/2/P9/1P2J8U5TFDKUBZXQVUMS3A.uasset",
				"C:/Users/b012129m/Documents/Unreal Projects/MyProject/Content/__ExternalActors__/Testing/1/9N/UIZJV2SFDS8FJB0XC5D0OW.uasset",
				"C:/Users/b012129m/Documents/Unreal Projects/MyProject/Content/__ExternalActors__/Testing/D/Z7/TQH3AZ1UGHCJ08EFT1Q9OW.uasset",
				"C:/Users/b012129m/Documents/Unreal Projects/MyProject/Content/__ExternalActors__/Testing/6/3R/1RJUCID20K2S0C313EGKH8.uasset",
				"C:/Users/b012129m/Documents/Unreal Projects/MyProject/Content/__ExternalActors__/Testing/0/8B/SL54MLT33ERV3RVIKNMG4V.uasset",
				"C:/Users/b012129m/Documents/Unreal Projects/MyProject/Content/__ExternalActors__/Testing/A/DJ/0L5BHAII6IKVR5AN9X89PL.uasset",
				"C:/Users/b012129m/Documents/Unreal Projects/MyProject/Content/__ExternalActors__/Testing/0/6F/5M8LYDU9HII79FHTBXV77I.uasset",
				"C:/Users/b012129m/Documents/Unreal Projects/MyProject/Content/__ExternalActors__/Testing/5/XZ/U4NNQZJ12119YW40LN7NZF.uasset",
				"C:/Users/b012129m/Documents/Unreal Projects/MyProject/Content/__ExternalActors__/Testing/2/19/Q8B5Z4O2H5DYQ00A694N6U.uasset",
				"C:/Users/b012129m/Documents/Unreal Projects/MyProject/Content/__ExternalActors__/Testing/D/8G/SHIKT6E23MR4B59A6X0BBE.uasset",
				"C:/Users/b012129m/Documents/Unreal Projects/MyProject/Content/__ExternalActors__/Testing/5/PL/7ZWRGQV9IMFBDGJJSYPEGL.uasset",
				"C:/Users/b012129m/Documents/Unreal Projects/MyProject/Content/__ExternalActors__/Testing/3/IQ/VD44ECE29ABB22NEUA7DXR.uasset",
				"C:/Users/b012129m/Documents/Unreal Projects/MyProject/Content/__ExternalActors__/Testing/B/1X/7CRR8Z8B8SJVWV2UE323N5.uasset",
				"C:/Users/b012129m/Documents/Unreal Projects/MyProject/Content/__ExternalActors__/Testing/1/WO/Q3WWYFVUQG97JEHPG5X9SO.uasset",
				"C:/Users/b012129m/Documents/Unreal Projects/MyProject/Content/__ExternalActors__/Testing/1/9F/HIHPP1YQEMZYL4OOWAEGJW.uasset",
				"C:/Users/b012129m/Documents/Unreal Projects/MyProject/Content/__ExternalActors__/Testing/D/BN/10DYA5DTV7SNUI66W6OV4X.uasset",
				"C:/Users/b012129m/Documents/Unreal Projects/MyProject/Content/__ExternalActors__/Testing/1/WM/PCM0OD74XP32KWQJSRBVDH.uasset",
				"C:/Users/b012129m/Documents/Unreal Projects/MyProject/Content/__ExternalActors__/Testing/D/T0/GJ258SAKKX57Q496R1RRL6.uasset",
				"C:/Users/b012129m/Documents/Unreal Projects/MyProject/Content/__ExternalActors__/Testing/9/RR/JH7CB777OLDJ8FY9LCFW16.uasset",
				"C:/Users/b012129m/Documents/Unreal Projects/MyProject/Content/__ExternalActors__/Testing/6/37/QGHSLVW0BR7EJO8D50A0GL.uasset",
				"C:/Users/b012129m/Documents/Unreal Projects/MyProject/Content/__ExternalActors__/Testing/A/ZB/QJ4OCT4CYF6FAU4QK485ZI.uasset",
				"C:/Users/b012129m/Documents/Unreal Projects/MyProject/Content/__ExternalActors__/Testing/5/J4/2QIHQRHF0YXWQGF41N4X7N.uasset",
				"C:/Users/b012129m/Documents/Unreal Projects/MyProject/Content/__ExternalActors__/Testing/1/GH/ZBM6HHWH9U69R27XEN64HX.uasset",
				"C:/Users/b012129m/Documents/Unreal Projects/MyProject/Content/__ExternalActors__/Testing/3/C3/35YDBO0DCI8MAI65M9GV86.uasset",
				"C:/Users/b012129m/Documents/Unreal Projects/MyProject/Content/__ExternalActors__/Testing/0/P0/7HDDRLNSCRHI4J4IQ8UN4U.uasset",
				"C:/Users/b012129m/Documents/Unreal Projects/MyProject/Content/__ExternalActors__/Testing/E/MP/I2KHLZM1EJANM1JR70AHOT.uasset",
				"C:/Users/b012129m/Documents/Unreal Projects/MyProject/Content/__ExternalActors__/Testing/8/71/3AVUV1MWCS5GUMXZST7BC6.uasset",
				"C:/Users/b012129m/Documents/Unreal Projects/MyProject/Content/__ExternalActors__/Testing/D/V2/4BF4DGKO7MXMI6AXW0485B.uasset",
				"C:/Users/b012129m/Documents/Unreal Projects/MyProject/Content/__ExternalActors__/Testing/A/QR/PTRI0S6LV9TPO2V0Z2O51C.uasset",
				"C:/Users/b012129m/Documents/Unreal Projects/MyProject/Content/__ExternalActors__/Testing/A/H9/RQ6OUNS1VMDCEMUJIY9YKU.uasset",
				"C:/Users/b012129m/Documents/Unreal Projects/MyProject/Content/__ExternalActors__/Testing/5/4Y/94JQ5AE911RH8DAHGB31TN.uasset",
				"C:/Users/b012129m/Documents/Unreal Projects/MyProject/Content/__ExternalActors__/Testing/2/FP/3QWFPWBKHL2ICIBHKRJ4GB.uasset",
				"C:/Users/b012129m/Documents/Unreal Projects/MyProject/Content/__ExternalActors__/Testing/6/GP/F60YM28KWF20OIAFG8R8WO.uasset",
				"C:/Users/b012129m/Documents/Unreal Projects/MyProject/Content/__ExternalActors__/Testing/D/BC/PXZ2XQN2FNXEW9PLMLDXIA.uasset",
				"C:/Users/b012129m/Documents/Unreal Projects/MyProject/Content/__ExternalActors__/Testing/5/IS/74VVZSSJ584OVBAMBEECNC.uasset",
				"C:/Users/b012129m/Documents/Unreal Projects/MyProject/Content/__ExternalActors__/Testing/0/7Y/1FMFBGJHV54H5JA7FZPCAM.uasset",
				"C:/Users/b012129m/Documents/Unreal Projects/MyProject/Content/__ExternalActors__/Testing/5/H4/SY5DCQOXRT4V5C8IHSQ7JG.uasset",
				"C:/Users/b012129m/Documents/Unreal Projects/MyProject/Content/__ExternalActors__/Testing/C/P2/4X0CQCHW0J8BKWRAON1Z64.uasset",
				"C:/Users/b012129m/Documents/Unreal Projects/MyProject/Content/__ExternalActors__/Testing/D/6P/L29HBH66JGMRWU3AS14HJ5.uasset",
				"C:/Users/b012129m/Documents/Unreal Projects/MyProject/Content/__ExternalActors__/Testing/7/30/OZOYH5BBH0VI1TSCANOCJ1.uasset",
				"C:/Users/b012129m/Documents/Unreal Projects/MyProject/Content/__ExternalActors__/Testing/9/FB/3WSGGFY3RVJ2X1O1OY0Z1F.uasset",
				"C:/Users/b012129m/Documents/Unreal Projects/MyProject/Content/Testing.umap",
				"C:/Users/b012129m/Documents/Unreal Projects/MyProject/Content/Blueprints/BP_BallCharacter.uasset",
				"C:/Users/b012129m/Documents/Unreal Projects/MyProject/Content/Controller/BP_LoseYourMarbles.uasset",
				"C:/Users/b012129m/Documents/Unreal Projects/MyProject/Content/Controller/Inputs/IA_MoveForward.uasset",
				"C:/Users/b012129m/Documents/Unreal Projects/MyProject/Content/DemoLevel.umap",
				"C:/Users/b012129m/Documents/Unreal Projects/MyProject/Content/Controller/BP_BallController.uasset",
				"C:/Users/b012129m/Documents/Unreal Projects/MyProject/Content/Controller/IMC_BallPlayer.uasset",
				"C:/Users/b012129m/Documents/Unreal Projects/MyProject/Content/Controller/Inputs/IA_MoveSides.uasset",
				"C:/Users/b012129m/Documents/Unreal Projects/MyProject/Content/Controller/Inputs/IA_Jump.uasset",
				"C:/Users/b012129m/Documents/Unreal Projects/MyProject/Content/Controller/Inputs/IA_Look.uasset",
				"C:/Users/b012129m/Documents/Unreal Projects/MyProject/Content/Blueprints/BP_EndLevel.uasset",
				"C:/Users/b012129m/Documents/Unreal Projects/MyProject/Content/Blueprints/UI/WBP_Timer.uasset",
				"C:/Users/b012129m/Documents/Unreal Projects/MyProject/Content/Blueprints/UI/WBP_PlayerHud.uasset",
				"C:/Users/b012129m/Documents/Unreal Projects/MyProject/Content/Blueprints/UI/WBP_WinScreen.uasset",
				"C:/Users/b012129m/Documents/Unreal Projects/MyProject/Content/Blueprints/BP_Reseter.uasset",
				"C:/Users/b012129m/Documents/Unreal Projects/MyProject/Content/_GENERATED/b012129m/Sphere_63B7B9AB.uasset",
				"C:/Users/b012129m/Documents/Unreal Projects/MyProject/Content/_GENERATED/b012129m/Box_964C2326.uasset",
				"C:/Users/b012129m/Documents/Unreal Projects/MyProject/Content/_GENERATED/b012129m/Box_128D4D4E.uasset",
				"C:/Users/b012129m/Documents/Unreal Projects/MyProject/Content/_GENERATED/b012129m/Boolean_AAF359D7.uasset",
				"C:/Users/b012129m/Documents/Unreal Projects/MyProject/Content/_GENERATED/b012129m/Boolean_4CE9B6AA.uasset",
				"C:/Users/b012129m/Documents/Unreal Projects/MyProject/Content/_GENERATED/b012129m/Boolean_86948F3A.uasset",
				"C:/Users/b012129m/Documents/Unreal Projects/MyProject/Content/_GENERATED/b012129m/Boolean_923DC0C9.uasset",
				"C:/Users/b012129m/Documents/Unreal Projects/MyProject/Content/_GENERATED/b012129m/Boolean_08F25F36.uasset",
				"C:/Users/b012129m/Documents/Unreal Projects/MyProject/Content/_GENERATED/b012129m/Boolean_E08CE877.uasset",
				"C:/Users/b012129m/Documents/Unreal Projects/MyProject/Content/_GENERATED/b012129m/Boolean_35AF512F.uasset",
				"C:/Users/b012129m/Documents/Unreal Projects/MyProject/Content/_GENERATED/b012129m/Boolean_75925B6F.uasset"
			]
		}
	]
}